Defence,ARG,Anti-Defence,IME
1,-0.8555115119813688,0.5465905066928602,0.7258738032940955
-0.8555115119813688,1,-0.6813242610848913,-0.6739498346918168
0.5465905066928602,-0.6813242610848913,1,0.7926042588017207
0.7258738032940955,-0.6739498346918168,0.7926042588017207,1
