hit_id	replicon	hit_pos	hit_sequence_length	gene_name	i_eval	hit_score	hit_profile_cov	hit_seq_cov	hit_begin_match	hit_end_match
NZ_CP091596.1_165	NZ_CP091596.1	165	498	narp2_nampt	3.5e-112	373.4	0.856	0.984	6	495
NZ_CP091596.1_165	NZ_CP091596.1	165	498	narp1_namat	6.6e-152	504.5	0.615	0.663	3	332
NZ_CP091596.1_166	NZ_CP091596.1	166	295	narp1_adps	2.3e-78	261.1	0.861	0.959	8	290
NZ_CP091596.1_1170	NZ_CP091596.1	1170	317	narp1_adps	1.3999999999999999e-67	225.7	0.902	0.89	31	312
NZ_CP091596.1_2233	NZ_CP091596.1	2233	194	vcrx091	1.4999999999999998e-67	225.0	0.654	0.99	2	193
