hit_id	replicon	hit_pos	hit_sequence_length	gene_name	i_eval	hit_score	hit_profile_cov	hit_seq_cov	hit_begin_match	hit_end_match
NZ_CP050385.1_56	NZ_CP050385.1	56	109	acb2	2.1e-34	115.8	0.968	0.972	1	106
NZ_CP050385.1_417	NZ_CP050385.1	417	317	narp1_adps	1.4999999999999998e-67	225.7	0.902	0.89	31	312
NZ_CP050385.1_1599	NZ_CP050385.1	1599	498	narp2_nampt	3.6e-112	373.4	0.856	0.984	6	495
NZ_CP050385.1_1599	NZ_CP050385.1	1599	498	narp1_namat	6.7e-152	504.5	0.615	0.663	3	332
NZ_CP050385.1_1600	NZ_CP050385.1	1600	295	narp1_adps	2.4e-78	261.1	0.861	0.959	8	290
NZ_CP050385.1_2404	NZ_CP050385.1	2404	286	vcrx092	1.7e-96	321.1	0.657	0.762	24	241
NZ_CP050385.1_3341	NZ_CP050385.1	3341	194	vcrx091	1.4999999999999998e-67	225.0	0.654	0.99	2	193
