hit_id	replicon	hit_pos	hit_sequence_length	gene_name	i_eval	hit_score	hit_profile_cov	hit_seq_cov	hit_begin_match	hit_end_match
NZ_CP068253.1_200	NZ_CP068253.1	200	195	vcrx091	3e-68	227.0	0.654	0.99	2	194
NZ_CP068253.1_618	NZ_CP068253.1	618	359	vcrx093	4.4999999999999996e-41	138.6	0.856	0.855	48	354
NZ_CP068253.1_738	NZ_CP068253.1	738	496	narp2_nampt	7.7e-115	382.0	0.854	0.986	5	493
NZ_CP068253.1_738	NZ_CP068253.1	738	496	narp1_namat	4.8e-153	507.9	0.617	0.667	3	333
NZ_CP068253.1_739	NZ_CP068253.1	739	293	narp1_adps	1.3e-77	258.5	0.875	0.98	4	290
NZ_CP068253.1_892	NZ_CP068253.1	892	318	narp1_adps	5.4999999999999994e-68	226.8	0.902	0.887	31	312
NZ_CP068253.1_2353	NZ_CP068253.1	2353	381	vcrx093	1.4000000000000001e-42	143.6	0.825	0.774	70	364
NZ_CP068253.1_2386	NZ_CP068253.1	2386	358	vcrx093	8.3e-47	157.5	0.871	0.872	37	348
