hit_id	replicon	hit_pos	hit_sequence_length	gene_name	i_eval	hit_score	hit_profile_cov	hit_seq_cov	hit_begin_match	hit_end_match
NZ_CP091172.1_900	NZ_CP091172.1	900	317	narp1_adps	1.3999999999999999e-67	225.7	0.902	0.89	31	312
NZ_CP091172.1_1254	NZ_CP091172.1	1254	364	vcrx093	5.7e-46	155.0	0.879	0.865	43	357
NZ_CP091172.1_2071	NZ_CP091172.1	2071	498	narp2_nampt	1.3e-112	374.9	0.856	0.984	6	495
NZ_CP091172.1_2071	NZ_CP091172.1	2071	498	narp1_namat	5.5e-152	504.7	0.615	0.663	3	332
NZ_CP091172.1_2072	NZ_CP091172.1	2072	295	narp1_adps	5.900000000000001e-79	263.1	0.865	0.963	8	291
NZ_CP091172.1_3685	NZ_CP091172.1	3685	194	vcrx091	1.4999999999999998e-67	225.0	0.654	0.99	2	193
