hit_id	replicon	hit_pos	hit_sequence_length	gene_name	i_eval	hit_score	hit_profile_cov	hit_seq_cov	hit_begin_match	hit_end_match
NZ_CP098791.1_535	NZ_CP098791.1	535	347	vcrx093	3.8000000000000004e-46	155.6	0.874	0.893	33	342
NZ_CP098791.1_852	NZ_CP098791.1	852	317	narp1_adps	1.3999999999999999e-67	225.7	0.902	0.89	31	312
NZ_CP098791.1_869	NZ_CP098791.1	869	253	vcrx092	4.8e-68	227.6	0.639	0.747	9	197
NZ_CP098791.1_1155	NZ_CP098791.1	1155	348	vcrx093	1.4e-44	150.4	0.825	0.842	34	326
NZ_CP098791.1_2038	NZ_CP098791.1	2038	498	narp2_nampt	3.3e-113	376.8	0.856	0.984	6	495
NZ_CP098791.1_2038	NZ_CP098791.1	2038	498	narp1_namat	4.2e-152	505.1	0.615	0.663	3	332
NZ_CP098791.1_2039	NZ_CP098791.1	2039	295	narp1_adps	1.8e-78	261.4	0.865	0.963	8	291
NZ_CP098791.1_3620	NZ_CP098791.1	3620	194	vcrx091	1.3999999999999999e-67	225.0	0.654	0.99	2	193
