hit_id	replicon	hit_pos	hit_sequence_length	gene_name	i_eval	hit_score	hit_profile_cov	hit_seq_cov	hit_begin_match	hit_end_match
NZ_CP019041.1_465	NZ_CP019041.1	465	195	vcrx091	2.9e-68	227.0	0.654	0.99	2	194
NZ_CP019041.1_807	NZ_CP019041.1	807	359	vcrx093	4.8e-40	135.3	0.856	0.855	48	354
NZ_CP019041.1_860	NZ_CP019041.1	860	358	vcrx093	1.1e-46	157.1	0.871	0.872	37	348
NZ_CP019041.1_984	NZ_CP019041.1	984	496	narp2_nampt	7.300000000000001e-115	382.0	0.854	0.986	5	493
NZ_CP019041.1_984	NZ_CP019041.1	984	496	narp1_namat	1.8000000000000001e-153	509.3	0.617	0.667	3	333
NZ_CP019041.1_985	NZ_CP019041.1	985	293	narp1_adps	2.7000000000000004e-78	260.7	0.878	0.983	4	291
NZ_CP019041.1_1126	NZ_CP019041.1	1126	318	narp1_adps	5.3999999999999995e-68	226.8	0.902	0.887	31	312
NZ_CP019041.1_1154	NZ_CP019041.1	1154	382	vcrx093	5.4e-43	144.9	0.816	0.764	71	362
NZ_CP019041.1_1162	NZ_CP019041.1	1162	336	vcrx093	1.4999999999999998e-39	133.6	0.612	0.67	80	304
