hit_id	replicon	hit_pos	hit_sequence_length	gene_name	i_eval	hit_score	hit_profile_cov	hit_seq_cov	hit_begin_match	hit_end_match
NZ_CP031716.1_171	NZ_CP031716.1	171	192	vcrx091	2.1999999999999998e-67	224.3	0.654	0.99	2	191
NZ_CP031716.1_597	NZ_CP031716.1	597	351	vcrx093	2.5999999999999997e-47	159.3	0.874	0.892	31	343
NZ_CP031716.1_890	NZ_CP031716.1	890	318	narp1_adps	1.8e-67	225.3	0.902	0.887	31	312
NZ_CP031716.1_984	NZ_CP031716.1	984	358	vcrx093	3.6e-46	155.5	0.871	0.872	37	348
NZ_CP031716.1_995	NZ_CP031716.1	995	389	vcrx093	1.4000000000000001e-43	147.0	0.839	0.771	80	379
NZ_CP031716.1_2723	NZ_CP031716.1	2723	295	narp1_adps	2.4e-79	264.2	0.875	0.976	5	292
NZ_CP031716.1_2724	NZ_CP031716.1	2724	499	narp2_nampt	1.7e-112	374.4	0.857	0.984	6	496
NZ_CP031716.1_2724	NZ_CP031716.1	2724	499	narp1_namat	1.7e-149	496.4	0.615	0.661	3	332
