hit_id	replicon	hit_pos	hit_sequence_length	gene_name	i_eval	hit_score	hit_profile_cov	hit_seq_cov	hit_begin_match	hit_end_match
NZ_CP022283.1_472	NZ_CP022283.1	472	194	vcrx091	1.4999999999999998e-67	225.0	0.654	0.99	2	193
NZ_CP022283.1_1923	NZ_CP022283.1	1923	346	adnd_p0020	7.8e-63	210.8	0.922	0.936	1	324
NZ_CP022283.1_1946	NZ_CP022283.1	1946	153	tad1	5.400000000000001e-26	88.9	0.818	0.647	52	150
NZ_CP022283.1_2199	NZ_CP022283.1	2199	295	narp1_adps	2.4e-78	261.1	0.861	0.959	8	290
NZ_CP022283.1_2200	NZ_CP022283.1	2200	498	narp2_nampt	3.6e-112	373.4	0.856	0.984	6	495
NZ_CP022283.1_2200	NZ_CP022283.1	2200	498	narp1_namat	6.7e-152	504.5	0.615	0.663	3	332
NZ_CP022283.1_3298	NZ_CP022283.1	3298	153	tad1	5.400000000000001e-26	88.9	0.818	0.647	52	150
NZ_CP022283.1_3319	NZ_CP022283.1	3319	348	adnd_p0020	5.5e-63	211.4	0.915	0.931	1	324
NZ_CP022283.1_3424	NZ_CP022283.1	3424	317	narp1_adps	1.4999999999999998e-67	225.7	0.902	0.89	31	312
