hit_id	replicon	hit_pos	hit_sequence_length	gene_name	i_eval	hit_score	hit_profile_cov	hit_seq_cov	hit_begin_match	hit_end_match
NZ_CP090607.1_794	NZ_CP090607.1	794	317	narp1_adps	1.4999999999999998e-67	225.7	0.902	0.89	31	312
NZ_CP090607.1_1451	NZ_CP090607.1	1451	364	vcrx093	6.0000000000000005e-46	155.0	0.879	0.865	43	357
NZ_CP090607.1_2269	NZ_CP090607.1	2269	498	narp2_nampt	1.3999999999999999e-112	374.9	0.856	0.984	6	495
NZ_CP090607.1_2269	NZ_CP090607.1	2269	498	narp1_namat	5.8e-152	504.7	0.615	0.663	3	332
NZ_CP090607.1_2270	NZ_CP090607.1	2270	295	narp1_adps	6.2e-79	263.1	0.865	0.963	8	291
NZ_CP090607.1_3881	NZ_CP090607.1	3881	194	vcrx091	1.4999999999999998e-67	225.0	0.654	0.99	2	193
