hit_id	replicon	hit_pos	hit_sequence_length	gene_name	i_eval	hit_score	hit_profile_cov	hit_seq_cov	hit_begin_match	hit_end_match
NZ_CP091367.1_200	NZ_CP091367.1	200	348	adnd_p0020	1.3e-62	210.1	0.915	0.931	1	324
NZ_CP091367.1_218	NZ_CP091367.1	218	153	tad1	5.2e-26	88.9	0.818	0.647	52	150
NZ_CP091367.1_1041	NZ_CP091367.1	1041	498	narp2_nampt	1.3e-112	374.9	0.856	0.984	6	495
NZ_CP091367.1_1041	NZ_CP091367.1	1041	498	narp1_namat	5.4e-152	504.7	0.615	0.663	3	332
NZ_CP091367.1_1042	NZ_CP091367.1	1042	295	narp1_adps	5.8e-79	263.1	0.865	0.963	8	291
NZ_CP091367.1_2522	NZ_CP091367.1	2522	194	vcrx091	1.3999999999999999e-67	225.0	0.654	0.99	2	193
NZ_CP091367.1_3568	NZ_CP091367.1	3568	317	narp1_adps	1.3999999999999999e-67	225.7	0.902	0.89	31	312
