hit_id	replicon	hit_pos	hit_sequence_length	gene_name	i_eval	hit_score	hit_profile_cov	hit_seq_cov	hit_begin_match	hit_end_match
NZ_CP078018.1_898	NZ_CP078018.1	898	348	vcrx093	5.9e-47	158.0	0.874	0.891	33	342
NZ_CP078018.1_1979	NZ_CP078018.1	1979	358	vcrx093	8e-47	157.6	0.871	0.872	37	348
NZ_CP078018.1_2422	NZ_CP078018.1	2422	253	vcrx092	9.999999999999999e-69	229.6	0.609	0.684	9	181
NZ_CP078018.1_2443	NZ_CP078018.1	2443	318	narp1_adps	5.599999999999999e-68	226.8	0.902	0.887	31	312
NZ_CP078018.1_2703	NZ_CP078018.1	2703	353	vcrx093	5.899999999999999e-44	148.1	0.825	0.836	44	338
NZ_CP078018.1_3066	NZ_CP078018.1	3066	195	vcrx091	3e-68	227.0	0.654	0.99	2	194
