hit_id	replicon	hit_pos	hit_sequence_length	gene_name	i_eval	hit_score	hit_profile_cov	hit_seq_cov	hit_begin_match	hit_end_match
NZ_CP041035.1_227	NZ_CP041035.1	227	194	vcrx091	1.4999999999999998e-67	225.0	0.654	0.99	2	193
NZ_CP041035.1_1934	NZ_CP041035.1	1934	295	narp1_adps	5.900000000000001e-79	263.1	0.865	0.963	8	291
NZ_CP041035.1_1935	NZ_CP041035.1	1935	498	narp2_nampt	7.5e-112	372.4	0.856	0.984	6	495
NZ_CP041035.1_1935	NZ_CP041035.1	1935	498	narp1_namat	6.6e-150	497.9	0.615	0.663	3	332
NZ_CP041035.1_3008	NZ_CP041035.1	3008	153	tad1	5.400000000000001e-26	88.9	0.818	0.647	52	150
NZ_CP041035.1_3027	NZ_CP041035.1	3027	348	adnd_p0020	4.3000000000000004e-63	211.7	0.915	0.931	1	324
NZ_CP041035.1_3132	NZ_CP041035.1	3132	317	narp1_adps	1.4999999999999998e-67	225.7	0.902	0.89	31	312
