hit_id	replicon	hit_pos	hit_sequence_length	gene_name	i_eval	hit_score	hit_profile_cov	hit_seq_cov	hit_begin_match	hit_end_match
NZ_CP018254.1_219	NZ_CP018254.1	219	194	vcrx091	1.4999999999999998e-67	225.0	0.654	0.99	2	193
NZ_CP018254.1_995	NZ_CP018254.1	995	290	adnd_p0020	5.4e-57	191.7	0.911	0.928	1	269
NZ_CP018254.1_1979	NZ_CP018254.1	1979	295	narp1_adps	3.1e-78	260.8	0.865	0.963	8	291
NZ_CP018254.1_1980	NZ_CP018254.1	1980	498	narp2_nampt	3.9e-113	376.7	0.856	0.984	6	495
NZ_CP018254.1_1980	NZ_CP018254.1	1980	498	narp1_namat	1.5e-152	506.6	0.615	0.663	3	332
NZ_CP018254.1_3317	NZ_CP018254.1	3317	317	narp1_adps	1.4999999999999998e-67	225.7	0.902	0.89	31	312
